{
  "mean": [
    11982.897228161179,
    8470.3125,
    6.462398899932608,
    31.47368893902975,
    4.635037077775365,
    0.398417343726733,
    0.11753064666862839,
    0.41099955067107485
  ],
  "scale": [
    2616.0538742009553,
    2363.2475462472717,
    0.7513088664895216,
    1.5969900012429596,
    0.2696164915804979,
    0.03841956497684142,
    0.0200822432256424,
    0.07260831227233283
  ],
  "var": [
    6843737.872721828,
    5584938.96484375,
    0.5644650128657697,
    2.5503770640699885,
    0.0726930525321767,
    0.0014760629730097394,
    0.00040329649297386,
    0.005271967011036598
  ],
  "n_features_in": 8,
  "feature_names": [
    "ymophg_mean",
    "ymophg_median",
    "anosest_mean",
    "edad_mean",
    "totper_mean",
    "tasa_ocupacion",
    "tasa_pobreza",
    "tasa_nbi"
  ]
}